<ImportExportXml xmlns:xsi="http://www.w3.org/2001/XMLSchema-instance">
  <Entities>
    <Entity>
      <Name LocalizedName="Auto Number Sequence" OriginalName="Auto Number Sequence">ctccrm_autonumbersequence</Name>
      <ObjectTypeCode>10005</ObjectTypeCode>
      <EntityInfo>
        <entity Name="ctccrm_autonumbersequence">
          <LocalizedNames>
            <LocalizedName description="Auto Number Sequence" languagecode="1033" />
          </LocalizedNames>
          <LocalizedCollectionNames>
            <LocalizedCollectionName description="Auto Number Sequences" languagecode="1033" />
          </LocalizedCollectionNames>
          <Descriptions>
            <Description description="" languagecode="1033" />
          </Descriptions>
          <attributes>
            <attribute PhysicalName="CreatedBy">
              <Type>lookup</Type>
              <Name>createdby</Name>
              <LogicalName>createdby</LogicalName>
              <RequiredLevel>none</RequiredLevel>
              <DisplayMask>ValidForAdvancedFind|ValidForForm|ValidForGrid</DisplayMask>
              <ImeMode>auto</ImeMode>
              <ValidForReadApi>1</ValidForReadApi>
              <IsCustomField>0</IsCustomField>
              <IsAuditEnabled>0</IsAuditEnabled>
              <IsSecured>0</IsSecured>
              <IntroducedVersion>1.0.0.0</IntroducedVersion>
              <IsCustomizable>1</IsCustomizable>
              <IsRenameable>1</IsRenameable>
              <CanModifySearchSettings>1</CanModifySearchSettings>
              <CanModifyRequirementLevelSettings>1</CanModifyRequirementLevelSettings>
              <CanModifyAdditionalSettings>1</CanModifyAdditionalSettings>
              <ReferencedEntityObjectTypeCode>8</ReferencedEntityObjectTypeCode>
              <LookupStyle>single</LookupStyle>
              <LookupTypes />
              <displaynames>
                <displayname description="Created By" languagecode="1033" />
              </displaynames>
              <Descriptions>
                <Description description="Unique identifier of the user who created the record." languagecode="1033" />
              </Descriptions>
            </attribute>
            <attribute PhysicalName="CreatedOn">
              <Type>datetime</Type>
              <Name>createdon</Name>
              <LogicalName>createdon</LogicalName>
              <RequiredLevel>none</RequiredLevel>
              <DisplayMask>ValidForAdvancedFind|ValidForForm|ValidForGrid</DisplayMask>
              <ImeMode>inactive</ImeMode>
              <ValidForReadApi>1</ValidForReadApi>
              <IsCustomField>0</IsCustomField>
              <IsAuditEnabled>0</IsAuditEnabled>
              <IsSecured>0</IsSecured>
              <IntroducedVersion>1.0.0.0</IntroducedVersion>
              <IsCustomizable>1</IsCustomizable>
              <IsRenameable>1</IsRenameable>
              <CanModifySearchSettings>1</CanModifySearchSettings>
              <CanModifyRequirementLevelSettings>1</CanModifyRequirementLevelSettings>
              <CanModifyAdditionalSettings>1</CanModifyAdditionalSettings>
              <Format>datetime</Format>
              <displaynames>
                <displayname description="Created On" languagecode="1033" />
              </displaynames>
              <Descriptions>
                <Description description="Date and time when the record was created." languagecode="1033" />
              </Descriptions>
            </attribute>
            <attribute PhysicalName="CreatedOnBehalfBy">
              <Type>lookup</Type>
              <Name>createdonbehalfby</Name>
              <LogicalName>createdonbehalfby</LogicalName>
              <RequiredLevel>none</RequiredLevel>
              <DisplayMask>ValidForAdvancedFind|ValidForForm|ValidForGrid</DisplayMask>
              <ImeMode>auto</ImeMode>
              <ValidForReadApi>1</ValidForReadApi>
              <IsCustomField>0</IsCustomField>
              <IsAuditEnabled>0</IsAuditEnabled>
              <IsSecured>0</IsSecured>
              <IntroducedVersion>1.0.0.0</IntroducedVersion>
              <IsCustomizable>1</IsCustomizable>
              <IsRenameable>1</IsRenameable>
              <CanModifySearchSettings>1</CanModifySearchSettings>
              <CanModifyRequirementLevelSettings>1</CanModifyRequirementLevelSettings>
              <CanModifyAdditionalSettings>1</CanModifyAdditionalSettings>
              <ReferencedEntityObjectTypeCode>8</ReferencedEntityObjectTypeCode>
              <LookupStyle>single</LookupStyle>
              <LookupTypes />
              <displaynames>
                <displayname description="Created By (Delegate)" languagecode="1033" />
              </displaynames>
              <Descriptions>
                <Description description="Unique identifier of the delegate user who created the record." languagecode="1033" />
              </Descriptions>
            </attribute>
            <attribute PhysicalName="ctccrm_autonumbersequenceId">
              <Type>primarykey</Type>
              <Name>ctccrm_autonumbersequenceid</Name>
              <LogicalName>ctccrm_autonumbersequenceid</LogicalName>
              <RequiredLevel>systemrequired</RequiredLevel>
              <DisplayMask>ValidForAdvancedFind|RequiredForGrid</DisplayMask>
              <ImeMode>auto</ImeMode>
              <ValidForReadApi>1</ValidForReadApi>
              <ValidForCreateApi>1</ValidForCreateApi>
              <IsCustomField>0</IsCustomField>
              <IsAuditEnabled>0</IsAuditEnabled>
              <IsSecured>0</IsSecured>
              <IntroducedVersion>1.0.0.0</IntroducedVersion>
              <IsCustomizable>1</IsCustomizable>
              <IsRenameable>1</IsRenameable>
              <CanModifySearchSettings>1</CanModifySearchSettings>
              <CanModifyRequirementLevelSettings>0</CanModifyRequirementLevelSettings>
              <CanModifyAdditionalSettings>1</CanModifyAdditionalSettings>
              <displaynames>
                <displayname description="Auto Number Sequence" languagecode="1033" />
              </displaynames>
              <Descriptions>
                <Description description="Unique identifier for entity instances" languagecode="1033" />
              </Descriptions>
            </attribute>
            <attribute PhysicalName="ctccrm_CurrentValue">
              <Type>int</Type>
              <Name>ctccrm_currentvalue</Name>
              <LogicalName>ctccrm_currentvalue</LogicalName>
              <RequiredLevel>required</RequiredLevel>
              <DisplayMask>ValidForAdvancedFind|ValidForForm|ValidForGrid</DisplayMask>
              <ImeMode>auto</ImeMode>
              <ValidForUpdateApi>1</ValidForUpdateApi>
              <ValidForReadApi>1</ValidForReadApi>
              <ValidForCreateApi>1</ValidForCreateApi>
              <IsCustomField>1</IsCustomField>
              <IsAuditEnabled>1</IsAuditEnabled>
              <IsSecured>0</IsSecured>
              <IntroducedVersion>1.0.0.0</IntroducedVersion>
              <IsCustomizable>1</IsCustomizable>
              <IsRenameable>1</IsRenameable>
              <CanModifySearchSettings>1</CanModifySearchSettings>
              <CanModifyRequirementLevelSettings>1</CanModifyRequirementLevelSettings>
              <CanModifyAdditionalSettings>1</CanModifyAdditionalSettings>
              <MinValue>0</MinValue>
              <MaxValue>2147483647</MaxValue>
              <displaynames>
                <displayname description="Current Value" languagecode="1033" />
              </displaynames>
              <Descriptions>
                <Description description="" languagecode="1033" />
              </Descriptions>
            </attribute>
            <attribute PhysicalName="ctccrm_name">
              <Type>nvarchar</Type>
              <Name>ctccrm_name</Name>
              <LogicalName>ctccrm_name</LogicalName>
              <RequiredLevel>required</RequiredLevel>
              <DisplayMask>PrimaryName|ValidForAdvancedFind|ValidForForm|ValidForGrid|RequiredForForm</DisplayMask>
              <ImeMode>auto</ImeMode>
              <ValidForUpdateApi>1</ValidForUpdateApi>
              <ValidForReadApi>1</ValidForReadApi>
              <ValidForCreateApi>1</ValidForCreateApi>
              <IsCustomField>1</IsCustomField>
              <IsAuditEnabled>1</IsAuditEnabled>
              <IsSecured>0</IsSecured>
              <IntroducedVersion>1.0.0.0</IntroducedVersion>
              <IsCustomizable>1</IsCustomizable>
              <IsRenameable>1</IsRenameable>
              <CanModifySearchSettings>1</CanModifySearchSettings>
              <CanModifyRequirementLevelSettings>1</CanModifyRequirementLevelSettings>
              <CanModifyAdditionalSettings>1</CanModifyAdditionalSettings>
              <Format>text</Format>
              <MaxLength>100</MaxLength>
              <Length>200</Length>
              <displaynames>
                <displayname description="Name" languagecode="1033" />
              </displaynames>
              <Descriptions>
                <Description description="The name of the custom entity." languagecode="1033" />
              </Descriptions>
            </attribute>
            <attribute PhysicalName="ImportSequenceNumber">
              <Type>int</Type>
              <Name>importsequencenumber</Name>
              <LogicalName>importsequencenumber</LogicalName>
              <RequiredLevel>none</RequiredLevel>
              <DisplayMask>ValidForAdvancedFind</DisplayMask>
              <ImeMode>disabled</ImeMode>
              <ValidForReadApi>1</ValidForReadApi>
              <ValidForCreateApi>1</ValidForCreateApi>
              <IsCustomField>0</IsCustomField>
              <IsAuditEnabled>1</IsAuditEnabled>
              <IsSecured>0</IsSecured>
              <IntroducedVersion>1.0.0.0</IntroducedVersion>
              <IsCustomizable>1</IsCustomizable>
              <IsRenameable>1</IsRenameable>
              <CanModifySearchSettings>1</CanModifySearchSettings>
              <CanModifyRequirementLevelSettings>1</CanModifyRequirementLevelSettings>
              <CanModifyAdditionalSettings>1</CanModifyAdditionalSettings>
              <Format></Format>
              <MinValue>-2147483648</MinValue>
              <MaxValue>2147483647</MaxValue>
              <displaynames>
                <displayname description="Import Sequence Number" languagecode="1033" />
              </displaynames>
              <Descriptions>
                <Description description="Sequence number of the import that created this record." languagecode="1033" />
              </Descriptions>
            </attribute>
            <attribute PhysicalName="ModifiedBy">
              <Type>lookup</Type>
              <Name>modifiedby</Name>
              <LogicalName>modifiedby</LogicalName>
              <RequiredLevel>none</RequiredLevel>
              <DisplayMask>ValidForAdvancedFind|ValidForForm|ValidForGrid</DisplayMask>
              <ImeMode>auto</ImeMode>
              <ValidForReadApi>1</ValidForReadApi>
              <IsCustomField>0</IsCustomField>
              <IsAuditEnabled>0</IsAuditEnabled>
              <IsSecured>0</IsSecured>
              <IntroducedVersion>1.0.0.0</IntroducedVersion>
              <IsCustomizable>1</IsCustomizable>
              <IsRenameable>1</IsRenameable>
              <CanModifySearchSettings>1</CanModifySearchSettings>
              <CanModifyRequirementLevelSettings>1</CanModifyRequirementLevelSettings>
              <CanModifyAdditionalSettings>1</CanModifyAdditionalSettings>
              <ReferencedEntityObjectTypeCode>8</ReferencedEntityObjectTypeCode>
              <LookupStyle>single</LookupStyle>
              <LookupTypes />
              <displaynames>
                <displayname description="Modified By" languagecode="1033" />
              </displaynames>
              <Descriptions>
                <Description description="Unique identifier of the user who modified the record." languagecode="1033" />
              </Descriptions>
            </attribute>
            <attribute PhysicalName="ModifiedOn">
              <Type>datetime</Type>
              <Name>modifiedon</Name>
              <LogicalName>modifiedon</LogicalName>
              <RequiredLevel>none</RequiredLevel>
              <DisplayMask>ValidForAdvancedFind|ValidForForm|ValidForGrid</DisplayMask>
              <ImeMode>inactive</ImeMode>
              <ValidForReadApi>1</ValidForReadApi>
              <IsCustomField>0</IsCustomField>
              <IsAuditEnabled>0</IsAuditEnabled>
              <IsSecured>0</IsSecured>
              <IntroducedVersion>1.0.0.0</IntroducedVersion>
              <IsCustomizable>1</IsCustomizable>
              <IsRenameable>1</IsRenameable>
              <CanModifySearchSettings>1</CanModifySearchSettings>
              <CanModifyRequirementLevelSettings>1</CanModifyRequirementLevelSettings>
              <CanModifyAdditionalSettings>1</CanModifyAdditionalSettings>
              <Format>datetime</Format>
              <displaynames>
                <displayname description="Modified On" languagecode="1033" />
              </displaynames>
              <Descriptions>
                <Description description="Date and time when the record was modified." languagecode="1033" />
              </Descriptions>
            </attribute>
            <attribute PhysicalName="ModifiedOnBehalfBy">
              <Type>lookup</Type>
              <Name>modifiedonbehalfby</Name>
              <LogicalName>modifiedonbehalfby</LogicalName>
              <RequiredLevel>none</RequiredLevel>
              <DisplayMask>ValidForAdvancedFind|ValidForForm|ValidForGrid</DisplayMask>
              <ImeMode>auto</ImeMode>
              <ValidForReadApi>1</ValidForReadApi>
              <IsCustomField>0</IsCustomField>
              <IsAuditEnabled>0</IsAuditEnabled>
              <IsSecured>0</IsSecured>
              <IntroducedVersion>1.0.0.0</IntroducedVersion>
              <IsCustomizable>1</IsCustomizable>
              <IsRenameable>1</IsRenameable>
              <CanModifySearchSettings>1</CanModifySearchSettings>
              <CanModifyRequirementLevelSettings>1</CanModifyRequirementLevelSettings>
              <CanModifyAdditionalSettings>1</CanModifyAdditionalSettings>
              <ReferencedEntityObjectTypeCode>8</ReferencedEntityObjectTypeCode>
              <LookupStyle>single</LookupStyle>
              <LookupTypes />
              <displaynames>
                <displayname description="Modified By (Delegate)" languagecode="1033" />
              </displaynames>
              <Descriptions>
                <Description description="Unique identifier of the delegate user who modified the record." languagecode="1033" />
              </Descriptions>
            </attribute>
            <attribute PhysicalName="OrganizationId">
              <Type>lookup</Type>
              <Name>organizationid</Name>
              <LogicalName>organizationid</LogicalName>
              <RequiredLevel>none</RequiredLevel>
              <ImeMode>auto</ImeMode>
              <ValidForReadApi>1</ValidForReadApi>
              <IsCustomField>0</IsCustomField>
              <IsAuditEnabled>1</IsAuditEnabled>
              <IsSecured>0</IsSecured>
              <IntroducedVersion>1.0.0.0</IntroducedVersion>
              <IsCustomizable>1</IsCustomizable>
              <IsRenameable>1</IsRenameable>
              <CanModifySearchSettings>1</CanModifySearchSettings>
              <CanModifyRequirementLevelSettings>1</CanModifyRequirementLevelSettings>
              <CanModifyAdditionalSettings>1</CanModifyAdditionalSettings>
              <ReferencedEntityObjectTypeCode>1019</ReferencedEntityObjectTypeCode>
              <LookupTypes />
              <displaynames>
                <displayname description="Organization Id" languagecode="1033" />
              </displaynames>
              <Descriptions>
                <Description description="Unique identifier for the organization" languagecode="1033" />
              </Descriptions>
            </attribute>
            <attribute PhysicalName="OverriddenCreatedOn">
              <Type>datetime</Type>
              <Name>overriddencreatedon</Name>
              <LogicalName>overriddencreatedon</LogicalName>
              <RequiredLevel>none</RequiredLevel>
              <DisplayMask>ValidForAdvancedFind|ValidForGrid</DisplayMask>
              <ImeMode>inactive</ImeMode>
              <ValidForReadApi>1</ValidForReadApi>
              <ValidForCreateApi>1</ValidForCreateApi>
              <IsCustomField>0</IsCustomField>
              <IsAuditEnabled>1</IsAuditEnabled>
              <IsSecured>0</IsSecured>
              <IntroducedVersion>1.0.0.0</IntroducedVersion>
              <IsCustomizable>1</IsCustomizable>
              <IsRenameable>1</IsRenameable>
              <CanModifySearchSettings>1</CanModifySearchSettings>
              <CanModifyRequirementLevelSettings>1</CanModifyRequirementLevelSettings>
              <CanModifyAdditionalSettings>1</CanModifyAdditionalSettings>
              <Format>date</Format>
              <displaynames>
                <displayname description="Record Created On" languagecode="1033" />
              </displaynames>
              <Descriptions>
                <Description description="Date and time that the record was migrated." languagecode="1033" />
              </Descriptions>
            </attribute>
            <attribute PhysicalName="statecode">
              <Type>state</Type>
              <Name>statecode</Name>
              <LogicalName>statecode</LogicalName>
              <RequiredLevel>systemrequired</RequiredLevel>
              <DisplayMask>ValidForAdvancedFind|ValidForForm|ValidForGrid</DisplayMask>
              <ImeMode>auto</ImeMode>
              <ValidForReadApi>1</ValidForReadApi>
              <IsCustomField>0</IsCustomField>
              <IsAuditEnabled>1</IsAuditEnabled>
              <IsSecured>0</IsSecured>
              <IntroducedVersion>1.0.0.0</IntroducedVersion>
              <IsCustomizable>1</IsCustomizable>
              <IsRenameable>1</IsRenameable>
              <CanModifySearchSettings>1</CanModifySearchSettings>
              <CanModifyRequirementLevelSettings>1</CanModifyRequirementLevelSettings>
              <CanModifyAdditionalSettings>1</CanModifyAdditionalSettings>
              <optionset Name="ctccrm_autonumbersequence_statecode">
                <OptionSetType>state</OptionSetType>
                <IntroducedVersion>1.0.0.0</IntroducedVersion>
                <IsCustomizable>1</IsCustomizable>
                <displaynames>
                  <displayname description="Status" languagecode="1033" />
                </displaynames>
                <Descriptions>
                  <Description description="Status of the Auto Number Sequence" languagecode="1033" />
                </Descriptions>
                <states>
                  <state value="0" defaultstatus="1" invariantname="Active">
                    <labels>
                      <label description="Active" languagecode="1033" />
                    </labels>
                  </state>
                  <state value="1" defaultstatus="2" invariantname="Inactive">
                    <labels>
                      <label description="Inactive" languagecode="1033" />
                    </labels>
                  </state>
                </states>
              </optionset>
              <displaynames>
                <displayname description="Status" languagecode="1033" />
              </displaynames>
              <Descriptions>
                <Description description="Status of the Auto Number Sequence" languagecode="1033" />
              </Descriptions>
            </attribute>
            <attribute PhysicalName="statuscode">
              <Type>status</Type>
              <Name>statuscode</Name>
              <LogicalName>statuscode</LogicalName>
              <RequiredLevel>none</RequiredLevel>
              <DisplayMask>ValidForAdvancedFind|ValidForForm|ValidForGrid</DisplayMask>
              <ImeMode>auto</ImeMode>
              <ValidForUpdateApi>1</ValidForUpdateApi>
              <ValidForReadApi>1</ValidForReadApi>
              <ValidForCreateApi>1</ValidForCreateApi>
              <IsCustomField>0</IsCustomField>
              <IsAuditEnabled>1</IsAuditEnabled>
              <IsSecured>0</IsSecured>
              <IntroducedVersion>1.0.0.0</IntroducedVersion>
              <IsCustomizable>1</IsCustomizable>
              <IsRenameable>1</IsRenameable>
              <CanModifySearchSettings>1</CanModifySearchSettings>
              <CanModifyRequirementLevelSettings>1</CanModifyRequirementLevelSettings>
              <CanModifyAdditionalSettings>1</CanModifyAdditionalSettings>
              <optionset Name="ctccrm_autonumbersequence_statuscode">
                <OptionSetType>status</OptionSetType>
                <IntroducedVersion>1.0.0.0</IntroducedVersion>
                <IsCustomizable>1</IsCustomizable>
                <displaynames>
                  <displayname description="Status Reason" languagecode="1033" />
                </displaynames>
                <Descriptions>
                  <Description description="Reason for the status of the Auto Number Sequence" languagecode="1033" />
                </Descriptions>
                <statuses>
                  <status value="1" state="0">
                    <labels>
                      <label description="Active" languagecode="1033" />
                    </labels>
                  </status>
                  <status value="2" state="1">
                    <labels>
                      <label description="Inactive" languagecode="1033" />
                    </labels>
                  </status>
                </statuses>
              </optionset>
              <displaynames>
                <displayname description="Status Reason" languagecode="1033" />
              </displaynames>
              <Descriptions>
                <Description description="Reason for the status of the Auto Number Sequence" languagecode="1033" />
              </Descriptions>
            </attribute>
            <attribute PhysicalName="TimeZoneRuleVersionNumber">
              <Type>int</Type>
              <Name>timezoneruleversionnumber</Name>
              <LogicalName>timezoneruleversionnumber</LogicalName>
              <RequiredLevel>none</RequiredLevel>
              <ImeMode>auto</ImeMode>
              <ValidForUpdateApi>1</ValidForUpdateApi>
              <ValidForReadApi>1</ValidForReadApi>
              <ValidForCreateApi>1</ValidForCreateApi>
              <IsCustomField>0</IsCustomField>
              <IsAuditEnabled>0</IsAuditEnabled>
              <IsSecured>0</IsSecured>
              <IntroducedVersion>1.0.0.0</IntroducedVersion>
              <IsCustomizable>1</IsCustomizable>
              <IsRenameable>1</IsRenameable>
              <CanModifySearchSettings>1</CanModifySearchSettings>
              <CanModifyRequirementLevelSettings>1</CanModifyRequirementLevelSettings>
              <CanModifyAdditionalSettings>1</CanModifyAdditionalSettings>
              <Format></Format>
              <MinValue>-1</MinValue>
              <MaxValue>2147483647</MaxValue>
              <displaynames>
                <displayname description="Time Zone Rule Version Number" languagecode="1033" />
              </displaynames>
              <Descriptions>
                <Description description="For internal use only." languagecode="1033" />
              </Descriptions>
            </attribute>
            <attribute PhysicalName="UTCConversionTimeZoneCode">
              <Type>int</Type>
              <Name>utcconversiontimezonecode</Name>
              <LogicalName>utcconversiontimezonecode</LogicalName>
              <RequiredLevel>none</RequiredLevel>
              <ImeMode>auto</ImeMode>
              <ValidForUpdateApi>1</ValidForUpdateApi>
              <ValidForReadApi>1</ValidForReadApi>
              <ValidForCreateApi>1</ValidForCreateApi>
              <IsCustomField>0</IsCustomField>
              <IsAuditEnabled>0</IsAuditEnabled>
              <IsSecured>0</IsSecured>
              <IntroducedVersion>1.0.0.0</IntroducedVersion>
              <IsCustomizable>1</IsCustomizable>
              <IsRenameable>1</IsRenameable>
              <CanModifySearchSettings>1</CanModifySearchSettings>
              <CanModifyRequirementLevelSettings>1</CanModifyRequirementLevelSettings>
              <CanModifyAdditionalSettings>1</CanModifyAdditionalSettings>
              <Format></Format>
              <MinValue>-1</MinValue>
              <MaxValue>2147483647</MaxValue>
              <displaynames>
                <displayname description="UTC Conversion Time Zone Code" languagecode="1033" />
              </displaynames>
              <Descriptions>
                <Description description="Time zone code that was in use when the record was created." languagecode="1033" />
              </Descriptions>
            </attribute>
          </attributes>
          <IsDuplicateCheckSupported>0</IsDuplicateCheckSupported>
          <IsBusinessProcessEnabled>0</IsBusinessProcessEnabled>
          <IsRequiredOffline>0</IsRequiredOffline>
          <IsCollaboration>0</IsCollaboration>
          <AutoRouteToOwnerQueue>0</AutoRouteToOwnerQueue>
          <IsConnectionsEnabled>0</IsConnectionsEnabled>
          <IsDocumentManagementEnabled>0</IsDocumentManagementEnabled>
          <OwnershipTypeMask>OrgOwned</OwnershipTypeMask>
          <IsAuditEnabled>0</IsAuditEnabled>
          <IsActivity>0</IsActivity>
          <ActivityTypeMask></ActivityTypeMask>
          <IsActivityParty>0</IsActivityParty>
          <IsReplicated>0</IsReplicated>
          <IsReplicationUserFiltered>0</IsReplicationUserFiltered>
          <IsMailMergeEnabled>0</IsMailMergeEnabled>
          <IsVisibleInMobile>0</IsVisibleInMobile>
          <IsVisibleInMobileClient>0</IsVisibleInMobileClient>
          <IsReadOnlyInMobileClient>0</IsReadOnlyInMobileClient>
          <IsMapiGridEnabled>1</IsMapiGridEnabled>
          <IsReadingPaneEnabled>0</IsReadingPaneEnabled>
          <IsQuickCreateEnabled>0</IsQuickCreateEnabled>
          <IntroducedVersion>1.0.0.0</IntroducedVersion>
          <IsCustomizable>1</IsCustomizable>
          <IsRenameable>1</IsRenameable>
          <IsMappable>1</IsMappable>
          <CanModifyAuditSettings>1</CanModifyAuditSettings>
          <CanModifyMobileVisibility>1</CanModifyMobileVisibility>
          <CanModifyMobileClientVisibility>1</CanModifyMobileClientVisibility>
          <CanModifyMobileClientReadOnly>1</CanModifyMobileClientReadOnly>
          <CanModifyConnectionSettings>1</CanModifyConnectionSettings>
          <CanModifyDuplicateDetectionSettings>1</CanModifyDuplicateDetectionSettings>
          <CanModifyMailMergeSettings>1</CanModifyMailMergeSettings>
          <CanModifyQueueSettings>1</CanModifyQueueSettings>
          <CanCreateAttributes>1</CanCreateAttributes>
          <CanCreateForms>1</CanCreateForms>
          <CanCreateCharts>1</CanCreateCharts>
          <CanCreateViews>1</CanCreateViews>
          <CanModifyAdditionalSettings>1</CanModifyAdditionalSettings>
        </entity>
      </EntityInfo>
      <FormXml>
        <forms type="main">
          <systemform>
            <formid>{48753512-0852-4bb2-b73f-9af00ad9cb6c}</formid>
            <IntroducedVersion>1.0.0.0</IntroducedVersion>
            <FormPresentation>1</FormPresentation>
            <FormActivationState>1</FormActivationState>
            <form>
              <tabs>
                <tab verticallayout="true" id="{55662cee-91ff-4c0e-bb5e-2d9164046db7}" IsUserDefined="1">
                  <labels>
                    <label description="General" languagecode="1033" />
                  </labels>
                  <columns>
                    <column width="100%">
                      <sections>
                        <section showlabel="false" showbar="false" IsUserDefined="0" id="{974fedb4-9e66-48af-8e4a-259a2aa3e221}">
                          <labels>
                            <label description="General" languagecode="1033" />
                          </labels>
                          <rows>
                            <row>
                              <cell id="{cb23fd40-c166-40d6-96a6-432f16fb0060}">
                                <labels>
                                  <label description="Name" languagecode="1033" />
                                </labels>
                                <control id="ctccrm_name" classid="{4273EDBD-AC1D-40d3-9FB2-095C621B552D}" datafieldname="ctccrm_name" />
                              </cell>
                            </row>
                            <row>
                              <cell id="{3cb7cc69-cb14-d52d-8cb8-d49d987099b5}" showlabel="true" locklevel="0">
                                <labels>
                                  <label description="Current Value" languagecode="1033" />
                                </labels>
                                <control id="ctccrm_currentvalue" classid="{C6D124CA-7EDA-4a60-AEA9-7FB8D318B68F}" datafieldname="ctccrm_currentvalue" disabled="false" />
                              </cell>
                            </row>
                          </rows>
                        </section>
                      </sections>
                    </column>
                  </columns>
                </tab>
              </tabs>
              <Navigation>
                <NavBar></NavBar>
                <NavBarAreas>
                  <NavBarArea Id="Info">
                    <Titles>
                      <Title LCID="1033" Text="Common" />
                    </Titles>
                  </NavBarArea>
                  <NavBarArea Id="Sales">
                    <Titles>
                      <Title LCID="1033" Text="Sales" />
                    </Titles>
                  </NavBarArea>
                  <NavBarArea Id="Service">
                    <Titles>
                      <Title LCID="1033" Text="Service" />
                    </Titles>
                  </NavBarArea>
                  <NavBarArea Id="Marketing">
                    <Titles>
                      <Title LCID="1033" Text="Marketing" />
                    </Titles>
                  </NavBarArea>
                  <NavBarArea Id="ProcessCenter">
                    <Titles>
                      <Title LCID="1033" Text="Process Sessions" />
                    </Titles>
                  </NavBarArea>
                </NavBarAreas>
              </Navigation>
            </form>
            <IsCustomizable>1</IsCustomizable>
            <CanBeDeleted>1</CanBeDeleted>
            <LocalizedNames>
              <LocalizedName description="Information" languagecode="1033" />
            </LocalizedNames>
            <Descriptions>
              <Description description="A form for this entity." languagecode="1033" />
            </Descriptions>
          </systemform>
        </forms>
        <forms type="mobile">
          <systemform>
            <formid>{2e63d4cf-00c1-4da2-b812-bb4160306005}</formid>
            <IntroducedVersion>1.0.0.0</IntroducedVersion>
            <FormPresentation>0</FormPresentation>
            <FormActivationState>1</FormActivationState>
            <form>
              <tabs>
                <tab name="general" verticallayout="true" id="{17cf50ec-8c71-4183-8aab-206332e2a533}" IsUserDefined="0">
                  <labels>
                    <label description="" languagecode="1033" />
                  </labels>
                  <columns>
                    <column width="100%">
                      <sections>
                        <section name="account information" showlabel="false" showbar="false" id="{dc377e13-8268-4da1-a6b4-d1034f950c1f}" IsUserDefined="0">
                          <labels>
                            <label description="" languagecode="1033" />
                          </labels>
                          <rows>
                            <row>
                              <cell id="{e6fdd3ec-4c17-402b-b10d-1541d3daf665}">
                                <labels>
                                  <label description="Name" languagecode="1033" />
                                </labels>
                                <control id="ctccrm_name" classid="{4273EDBD-AC1D-40d3-9FB2-095C621B552D}" datafieldname="ctccrm_name" disabled="false" />
                              </cell>
                              <cell id="{47048555-e3fa-49dd-8b69-4d53c49239c0}">
                                <labels>
                                  <label description="Status" languagecode="1033" />
                                </labels>
                                <control id="statecode" classid="{3EF39988-22BB-4f0b-BBBE-64B5A3748AEE}" datafieldname="statecode" disabled="false" />
                              </cell>
                            </row>
                          </rows>
                        </section>
                      </sections>
                    </column>
                  </columns>
                </tab>
              </tabs>
            </form>
            <IsCustomizable>1</IsCustomizable>
            <CanBeDeleted>1</CanBeDeleted>
            <LocalizedNames>
              <LocalizedName description="Information" languagecode="1033" />
            </LocalizedNames>
            <Descriptions>
              <Description description="This is the form that is displayed for the CRM Mobile application." languagecode="1033" />
            </Descriptions>
          </systemform>
        </forms>
      </FormXml>
      <SavedQueries>
        <savedqueries>
          <savedquery>
            <IsCustomizable>1</IsCustomizable>
            <CanBeDeleted>0</CanBeDeleted>
            <isquickfindquery>0</isquickfindquery>
            <isprivate>0</isprivate>
            <isdefault>1</isdefault>
            <returnedtypecode>10005</returnedtypecode>
            <savedqueryid>{5588e436-77e0-4644-9bbe-88a0f4f67c7a}</savedqueryid>
            <layoutxml>
              <grid name="resultset" object="10005" jump="ctccrm_name" select="1" icon="1" preview="1">
                <row name="result" id="ctccrm_autonumbersequenceid">
                  <cell name="ctccrm_name" width="300" />
                  <cell name="createdon" width="125" />
                </row>
              </grid>
            </layoutxml>
            <querytype>0</querytype>
            <fetchxml>
              <fetch version="1.0" mapping="logical">
                <entity name="ctccrm_autonumbersequence">
                  <attribute name="ctccrm_autonumbersequenceid" />
                  <attribute name="ctccrm_name" />
                  <attribute name="createdon" />
                  <order attribute="ctccrm_name" descending="false" />
                  <filter type="and">
                    <condition attribute="statecode" operator="eq" value="0" />
                  </filter>
                </entity>
              </fetch>
            </fetchxml>
            <IntroducedVersion>1.0.0.0</IntroducedVersion>
            <LocalizedNames>
              <LocalizedName description="Active Auto Number Sequences" languagecode="1033" />
            </LocalizedNames>
          </savedquery>
          <savedquery>
            <IsCustomizable>1</IsCustomizable>
            <CanBeDeleted>0</CanBeDeleted>
            <isquickfindquery>0</isquickfindquery>
            <isprivate>0</isprivate>
            <isdefault>1</isdefault>
            <returnedtypecode>10005</returnedtypecode>
            <savedqueryid>{b4160ffa-1067-4645-9365-2080fdb7612b}</savedqueryid>
            <layoutxml>
              <grid name="resultset" object="10005" jump="ctccrm_name" select="1" icon="1" preview="1">
                <row name="result" id="ctccrm_autonumbersequenceid">
                  <cell name="ctccrm_name" width="300" />
                  <cell name="createdon" width="125" />
                </row>
              </grid>
            </layoutxml>
            <querytype>1</querytype>
            <fetchxml>
              <fetch version="1.0" mapping="logical">
                <entity name="ctccrm_autonumbersequence">
                  <attribute name="ctccrm_autonumbersequenceid" />
                  <attribute name="ctccrm_name" />
                  <attribute name="createdon" />
                  <order attribute="ctccrm_name" descending="false" />
                </entity>
              </fetch>
            </fetchxml>
            <IntroducedVersion>1.0.0.0</IntroducedVersion>
            <LocalizedNames>
              <LocalizedName description="Auto Number Sequence Advanced Find View" languagecode="1033" />
            </LocalizedNames>
          </savedquery>
          <savedquery>
            <IsCustomizable>1</IsCustomizable>
            <CanBeDeleted>0</CanBeDeleted>
            <isquickfindquery>0</isquickfindquery>
            <isprivate>0</isprivate>
            <isdefault>1</isdefault>
            <returnedtypecode>10005</returnedtypecode>
            <savedqueryid>{b267eaa2-38e8-4cfe-8890-12b9edfa72b5}</savedqueryid>
            <layoutxml>
              <grid name="" object="10005" jump="ctccrm_name" select="1" icon="1" preview="1">
                <row name="ctccrm_autonumbersequence" id="ctccrm_autonumbersequenceid">
                  <cell name="ctccrm_name" width="300" />
                  <cell name="createdon" width="125" />
                </row>
              </grid>
            </layoutxml>
            <querytype>2</querytype>
            <fetchxml>
              <fetch version="1.0" mapping="logical">
                <entity name="ctccrm_autonumbersequence">
                  <attribute name="ctccrm_autonumbersequenceid" />
                  <attribute name="ctccrm_name" />
                  <attribute name="createdon" />
                  <order attribute="ctccrm_name" descending="false" />
                  <filter type="and">
                    <condition attribute="statecode" operator="eq" value="0" />
                  </filter>
                </entity>
              </fetch>
            </fetchxml>
            <IntroducedVersion>1.0.0.0</IntroducedVersion>
            <LocalizedNames>
              <LocalizedName description="Auto Number Sequence Associated View" languagecode="1033" />
            </LocalizedNames>
          </savedquery>
          <savedquery>
            <IsCustomizable>1</IsCustomizable>
            <CanBeDeleted>0</CanBeDeleted>
            <isquickfindquery>0</isquickfindquery>
            <isprivate>0</isprivate>
            <isdefault>1</isdefault>
            <returnedtypecode>10005</returnedtypecode>
            <savedqueryid>{5ae77890-380d-49b5-b4fe-0da71df71342}</savedqueryid>
            <layoutxml>
              <grid name="" object="10005" jump="ctccrm_name" select="1" icon="1" preview="0">
                <row name="ctccrm_autonumbersequence" id="ctccrm_autonumbersequenceid">
                  <cell name="ctccrm_name" width="300" />
                  <cell name="createdon" width="125" />
                </row>
              </grid>
            </layoutxml>
            <querytype>64</querytype>
            <fetchxml>
              <fetch version="1.0" mapping="logical">
                <entity name="ctccrm_autonumbersequence">
                  <attribute name="ctccrm_autonumbersequenceid" />
                  <attribute name="ctccrm_name" />
                  <attribute name="createdon" />
                  <filter type="and">
                    <condition attribute="statecode" operator="eq" value="0" />
                  </filter>
                </entity>
              </fetch>
            </fetchxml>
            <IntroducedVersion>1.0.0.0</IntroducedVersion>
            <LocalizedNames>
              <LocalizedName description="Auto Number Sequence Lookup View" languagecode="1033" />
            </LocalizedNames>
          </savedquery>
          <savedquery>
            <IsCustomizable>1</IsCustomizable>
            <CanBeDeleted>1</CanBeDeleted>
            <isquickfindquery>0</isquickfindquery>
            <isprivate>0</isprivate>
            <isdefault>1</isdefault>
            <returnedtypecode>10005</returnedtypecode>
            <savedqueryid>{0a485991-be9c-e311-a193-00155d147208}</savedqueryid>
            <querytype>8192</querytype>
            <fetchxml>
              <fetch version="1.0" mapping="logical" output-format="xml-platform">
                <entity name="ctccrm_autonumbersequence">
                  <attribute name="ctccrm_autonumbersequenceid" />
                  <filter type="and">
                    <condition attribute="statecode" operator="eq" value="0" />
                  </filter>
                </entity>
              </fetch>
            </fetchxml>
            <IntroducedVersion>1.0.0.0</IntroducedVersion>
            <LocalizedNames>
              <LocalizedName description="Auto Number Sequences" languagecode="1033" />
            </LocalizedNames>
          </savedquery>
          <savedquery>
            <IsCustomizable>1</IsCustomizable>
            <CanBeDeleted>0</CanBeDeleted>
            <isquickfindquery>0</isquickfindquery>
            <isprivate>0</isprivate>
            <isdefault>0</isdefault>
            <returnedtypecode>10005</returnedtypecode>
            <savedqueryid>{1ac3c90c-e46a-42c7-bff6-ca35f9478ab8}</savedqueryid>
            <layoutxml>
              <grid name="resultset" object="10005" jump="ctccrm_name" select="1" icon="1" preview="1">
                <row name="result" id="ctccrm_autonumbersequenceid">
                  <cell name="ctccrm_name" width="300" />
                  <cell name="createdon" width="125" />
                </row>
              </grid>
            </layoutxml>
            <querytype>0</querytype>
            <fetchxml>
              <fetch version="1.0" mapping="logical">
                <entity name="ctccrm_autonumbersequence">
                  <attribute name="ctccrm_autonumbersequenceid" />
                  <attribute name="ctccrm_name" />
                  <attribute name="createdon" />
                  <order attribute="ctccrm_name" descending="false" />
                  <filter type="and">
                    <condition attribute="statecode" operator="eq" value="1" />
                  </filter>
                </entity>
              </fetch>
            </fetchxml>
            <IntroducedVersion>1.0.0.0</IntroducedVersion>
            <LocalizedNames>
              <LocalizedName description="Inactive Auto Number Sequences" languagecode="1033" />
            </LocalizedNames>
          </savedquery>
          <savedquery>
            <IsCustomizable>1</IsCustomizable>
            <CanBeDeleted>0</CanBeDeleted>
            <isquickfindquery>1</isquickfindquery>
            <isprivate>0</isprivate>
            <isdefault>1</isdefault>
            <returnedtypecode>10005</returnedtypecode>
            <savedqueryid>{840fe8c8-f218-43ec-85ee-d08c31cc07e2}</savedqueryid>
            <layoutxml>
              <grid name="resultset" object="10005" jump="ctccrm_name" select="1" icon="1" preview="1">
                <row name="result" id="ctccrm_autonumbersequenceid">
                  <cell name="ctccrm_name" width="300" />
                  <cell name="createdon" width="125" />
                </row>
              </grid>
            </layoutxml>
            <querytype>4</querytype>
            <fetchxml>
              <fetch version="1.0" mapping="logical">
                <entity name="ctccrm_autonumbersequence">
                  <attribute name="ctccrm_autonumbersequenceid" />
                  <attribute name="ctccrm_name" />
                  <attribute name="createdon" />
                  <order attribute="ctccrm_name" descending="false" />
                  <filter type="and">
                    <condition attribute="statecode" operator="eq" value="0" />
                  </filter>
                  <filter type="or" isquickfindfields="1">
                    <condition attribute="ctccrm_name" operator="like" value="{0}" />
                  </filter>
                </entity>
              </fetch>
            </fetchxml>
            <IntroducedVersion>1.0.0.0</IntroducedVersion>
            <LocalizedNames>
              <LocalizedName description="Quick Find Active Auto Number Sequences" languagecode="1033" />
            </LocalizedNames>
          </savedquery>
        </savedqueries>
      </SavedQueries>
      <RibbonDiffXml>
        <CustomActions />
        <Templates>
          <RibbonTemplates Id="Mscrm.Templates"></RibbonTemplates>
        </Templates>
        <CommandDefinitions />
        <RuleDefinitions>
          <TabDisplayRules />
          <DisplayRules />
          <EnableRules />
        </RuleDefinitions>
        <LocLabels />
      </RibbonDiffXml>
    </Entity>
  </Entities>
  <Roles></Roles>
  <Workflows></Workflows>
  <FieldSecurityProfiles></FieldSecurityProfiles>
  <Templates />
  <SiteMap>
    <SiteMap>
      <Area Id="SFA" ResourceId="Area_Sales" DescriptionResourceId="Sales_Description" Icon="/_imgs/sales_24x24.gif" ShowGroups="true">
        <Group Id="MyWork" ResourceId="Group_MyWork" DescriptionResourceId="My_Work_Description">
          <SubArea Id="nav_dashboards" ResourceId="Homepage_Dashboards" DescriptionResourceId="Dashboards_Description" Icon="/_imgs/area/18_home.gif" Url="/workplace/home_dashboards.aspx" GetStartedPanePath="Dashboards_Web_User_Visor.html" GetStartedPanePathAdmin="Dashboards_Web_Admin_Visor.html" GetStartedPanePathOutlook="Dashboards_Outlook_User_Visor.html" GetStartedPanePathAdminOutlook="Dashboards_Outlook_Admin_Visor.html" DefaultDashboard="2701de60-8f2a-48a4-8262-4a35ca7441fa" />
          <SubArea Id="nav_personalwall" ResourceId="Whats_New_Label" DescriptionResourceId="Whats_New_Description" Icon="$webresource:msdyn_/Images/Wall_16.png" OutlookShortcutIcon="$webresource:msdyn_/Images/Wall_16.png" AvailableOffline="false" Url="$webresource:msdyn_/PersonalWall.htm?data=HideUserProfile%3D0" GetStartedPanePath="Dashboards_Web_User_Visor.html" GetStartedPanePathAdmin="Dashboards_Web_Admin_Visor.html" GetStartedPanePathOutlook="Dashboards_Outlook_User_Visor.html" GetStartedPanePathAdminOutlook="Dashboards_Outlook_Admin_Visor.html">
            <Privilege Entity="post" Privilege="Read" />
          </SubArea>
          <SubArea Id="nav_activities" DescriptionResourceId="Activities_SubArea_Description" Url="/_root/homepage.aspx?etc=4200" Entity="activitypointer" GetStartedPanePath="Activities_Web_User_Visor.html" GetStartedPanePathAdmin="Activities_Web_Admin_Visor.html" GetStartedPanePathOutlook="Activities_Outlook_User_Visor.html" GetStartedPanePathAdminOutlook="Activities_Outlook_Admin_Visor.html" />
        </Group>
        <Group Id="Customers" ResourceId="Group_Customers" DescriptionResourceId="Customers_Description">
          <SubArea Id="nav_accts" DescriptionResourceId="Account_SubArea_Description" Entity="account" GetStartedPanePath="Accounts_Web_User_Visor.html" GetStartedPanePathAdmin="Accounts_Web_Admin_Visor.html" GetStartedPanePathOutlook="Accounts_Outlook_User_Visor.html" GetStartedPanePathAdminOutlook="Accounts_Outlook_Admin_Visor.html" />
          <SubArea Id="nav_conts" DescriptionResourceId="Contact_SubArea_Description" Entity="contact" GetStartedPanePath="Contacts_Web_User_Visor.html" GetStartedPanePathAdmin="Contacts_Web_Admin_Visor.html" GetStartedPanePathOutlook="Contacts_Outlook_User_Visor.html" GetStartedPanePathAdminOutlook="Contacts_Outlook_Admin_Visor.html" />
        </Group>
        <Group Id="SFA" ResourceId="Area_Sales" DescriptionResourceId="Sales_Description">
          <SubArea Id="nav_leads" DescriptionResourceId="Lead_SubArea_Description" Entity="lead" GetStartedPanePath="Leads_Web_User_Visor.html" GetStartedPanePathAdmin="Leads_Web_Admin_Visor.html" GetStartedPanePathOutlook="Leads_Outlook_User_Visor.html" GetStartedPanePathAdminOutlook="Leads_Outlook_Admin_Visor.html" />
          <SubArea Id="nav_oppts" DescriptionResourceId="Opportunity_SubArea_Description" Entity="opportunity" GetStartedPanePath="Opportunities_Web_User_Visor.html" GetStartedPanePathAdmin="Opportunities_Web_Admin_Visor.html" GetStartedPanePathOutlook="Opportunities_Outlook_User_Visor.html" GetStartedPanePathAdminOutlook="Opportunities_Outlook_Admin_Visor.html" />
          <SubArea Id="nav_comps" DescriptionResourceId="Competitor_SubArea_Description" Entity="competitor" />
        </Group>
        <Group Id="Collateral" ResourceId="Area_Collateral" DescriptionResourceId="Area_Collateral_Description">
          <SubArea Id="nav_quotes" DescriptionResourceId="Quote_SubArea_Description" Entity="quote" GetStartedPanePath="Quotes_Web_User_Visor.html" GetStartedPanePathAdmin="Quotes_Web_Admin_Visor.html" GetStartedPanePathOutlook="Quotes_Outlook_User_Visor.html" GetStartedPanePathAdminOutlook="Quotes_Outlook_Admin_Visor.html" />
          <SubArea Id="nav_orders" DescriptionResourceId="Orders_SubArea_Description" Entity="salesorder" GetStartedPanePath="Orders_Web_User_Visor.html" GetStartedPanePathAdmin="Orders_Web_Admin_Visor.html" GetStartedPanePathOutlook="Orders_Outlook_User_Visor.html" GetStartedPanePathAdminOutlook="Orders_Outlook_Admin_Visor.html" />
          <SubArea Id="nav_invoices" DescriptionResourceId="Invoice_SubArea_Description" Entity="invoice" GetStartedPanePath="Invoices_Web_User_Visor.html" GetStartedPanePathAdmin="Invoices_Web_Admin_Visor.html" GetStartedPanePathOutlook="Invoices_Outlook_User_Visor.html" GetStartedPanePathAdminOutlook="Invoices_Outlook_Admin_Visor.html" />
          <SubArea Id="nav_products" DescriptionResourceId="Product_SubArea_Description" Entity="product" GetStartedPanePath="Products_Web_User_Visor.html" GetStartedPanePathAdmin="Products_Web_Admin_Visor.html" GetStartedPanePathOutlook="Products_Outlook_User_Visor.html" GetStartedPanePathAdminOutlook="Products_Outlook_Admin_Visor.html" />
          <SubArea Id="nav_saleslit" DescriptionResourceId="SalesLit_SubArea_Description" Entity="salesliterature" />
        </Group>
        <Group Id="MA" ResourceId="Area_Marketing" DescriptionResourceId="Marketing_Description">
          <SubArea Id="nav_lists" DescriptionResourceId="MarketingList_SubArea_Description" Entity="list" GetStartedPanePath="Marketing-Lists_Web_User_Visor.html" GetStartedPanePathAdmin="Marketing-Lists_Web_Admin_Visor.html" GetStartedPanePathOutlook="Marketing-Lists_Outlook_User_Visor.html" GetStartedPanePathAdminOutlook="Marketing-Lists_Outlook_Admin_Visor.html" />
          <SubArea Id="nav_minicamps" DescriptionResourceId="Quick_Campaign_Description" Icon="/_imgs/ico_18_minicamps.gif" Entity="bulkoperation" GetStartedPanePath="Quick-Campaigns_Web_User_Visor.html" GetStartedPanePathAdmin="Quick-Campaigns_Web_Admin_Visor.html" GetStartedPanePathOutlook="Quick-Campaigns_Outlook_User_Visor.html" GetStartedPanePathAdminOutlook="Quick-Campaigns_Outlook_Admin_Visor.html" OutlookShortcutIcon="/_imgs/olk_4400.ico">
            <Privilege Privilege="AllowQuickCampaign" />
          </SubArea>
        </Group>
        <Group Id="Goals" ResourceId="Area_Goals" DescriptionResourceId="Area_Goals_Description">
          <SubArea Id="nav_goals" DescriptionResourceId="Goals_SubArea_Description" Icon="/_imgs/ico_18_9600.png" Entity="goal" />
          <SubArea Id="nav_metric" DescriptionResourceId="Metrics_SubArea_Description" Entity="metric" />
          <SubArea Id="nav_goalrollupqueries" DescriptionResourceId="GoalQueries_SubArea_Description" Icon="/_imgs/ico_18_9602.png" Entity="goalrollupquery" />
        </Group>
        <Group Id="Tools" ResourceId="Area_Tools" IsProfile="true" DescriptionResourceId="Area_Tools_Description">
          <SubArea Id="nav_reports" Entity="report" DescriptionResourceId="Reports_Description">
            <Privilege Entity="report" Privilege="Read" />
          </SubArea>
          <SubArea Id="nav_traces" Icon="/_imgs/area/18_alerts.png" Url="/_root/tracewall.aspx" ResourceId="Homepage_Alerts" AvailableOffline="false" DescriptionResourceId="Alerts_SubArea_Description">
            <Privilege Entity="tracelog" Privilege="Read" />
          </SubArea>
          <SubArea Id="nav_calendar" ResourceId="Homepage_Calendar" Icon="/_imgs/area/18_calendar.gif" Url="/workplace/home_calendar.aspx" Client="Web">
            <Privilege Entity="activitypointer" Privilege="Read" />
          </SubArea>
        </Group>
      </Area>
      <Area Id="CS" ResourceId="Area_Service" DescriptionResourceId="Customer_Service_Description" Icon="/_imgs/services_24x24.gif" ShowGroups="true">
        <Group Id="MyWork" ResourceId="Group_MyWork" DescriptionResourceId="My_Work_Description">
          <SubArea Id="nav_dashboards" ResourceId="Homepage_Dashboards" DescriptionResourceId="Dashboards_Description" Icon="/_imgs/area/18_home.gif" Url="/workplace/home_dashboards.aspx" GetStartedPanePath="Dashboards_Web_User_Visor.html" GetStartedPanePathAdmin="Dashboards_Web_Admin_Visor.html" GetStartedPanePathOutlook="Dashboards_Outlook_User_Visor.html" GetStartedPanePathAdminOutlook="Dashboards_Outlook_Admin_Visor.html" DefaultDashboard="15e19ce1-819e-4789-a5aa-ea4fe1741568" />
          <SubArea Id="nav_activities" DescriptionResourceId="Activities_SubArea_Description" Url="/_root/homepage.aspx?etc=4200" Entity="activitypointer" GetStartedPanePath="Activities_Web_User_Visor.html" GetStartedPanePathAdmin="Activities_Web_Admin_Visor.html" GetStartedPanePathOutlook="Activities_Outlook_User_Visor.html" GetStartedPanePathAdminOutlook="Activities_Outlook_Admin_Visor.html" />
        </Group>
        <Group Id="Customers" ResourceId="Group_Customers" DescriptionResourceId="Customers_Description">
          <SubArea Id="nav_accts" DescriptionResourceId="Account_SubArea_Description" Entity="account" GetStartedPanePath="Accounts_Web_User_Visor.html" GetStartedPanePathAdmin="Accounts_Web_Admin_Visor.html" GetStartedPanePathOutlook="Accounts_Outlook_User_Visor.html" GetStartedPanePathAdminOutlook="Accounts_Outlook_Admin_Visor.html" />
          <SubArea Id="nav_contacts" DescriptionResourceId="Contact_SubArea_Description" Entity="contact" GetStartedPanePath="Contacts_Web_User_Visor.html" GetStartedPanePathAdmin="Contacts_Web_Admin_Visor.html" GetStartedPanePathOutlook="Contacts_Outlook_User_Visor.html" GetStartedPanePathAdminOutlook="Contacts_Outlook_Admin_Visor.html" />
        </Group>
        <Group Id="CS" ResourceId="Area_Service" DescriptionResourceId="Customer_Service_Description">
          <SubArea Id="nav_cases" DescriptionResourceId="Cases_SubArea_Description" Entity="incident" GetStartedPanePath="Cases_Web_User_Visor.html" GetStartedPanePathAdmin="Cases_Web_Admin_Visor.html" GetStartedPanePathOutlook="Cases_Outlook_User_Visor.html" GetStartedPanePathAdminOutlook="Cases_Outlook_Admin_Visor.html" />
          <SubArea Id="nav_apptbook" ResourceId="Homepage_AppointmentBook" DescriptionResourceId="AppointmentBook_SubArea_Description" Icon="/_imgs/ico_18_servicecal.gif" Url="/sm/home_apptbook.aspx" AvailableOffline="false" />
          <SubArea Id="nav_queues" ResourceId="Homepage_Queues" DescriptionResourceId="Queues_SubArea_Description" Icon="/_imgs/ico_18_2020.gif" Url="/_root/homepage.aspx?etc=2029" GetStartedPanePath="Queues_Web_User_Visor.html" GetStartedPanePathAdmin="Queues_Web_Admin_Visor.html" GetStartedPanePathOutlook="Queues_Outlook_User_Visor.html" GetStartedPanePathAdminOutlook="Queues_Outlook_Admin_Visor.html">
            <Privilege Entity="queue" Privilege="Read" />
          </SubArea>
        </Group>
        <Group Id="Collateral" ResourceId="Area_Collateral" DescriptionResourceId="Area_Collateral_Description">
          <SubArea Id="nav_answers" DescriptionResourceId="Article_SubArea_Description" Entity="kbarticle" GetStartedPanePath="KB_Web_User_Visor.html" GetStartedPanePathAdmin="KB_Web_Admin_Visor.html" GetStartedPanePathOutlook="KB_Outlook_User_Visor.html" GetStartedPanePathAdminOutlook="KB_Outlook_Admin_Visor.html">
            <Privilege Entity="kbarticle" Privilege="Create,Read,Write" />
          </SubArea>
          <SubArea Id="nav_contracts" DescriptionResourceId="Contract_SubArea_Description" Entity="contract" GetStartedPanePath="Contracts_Web_User_Visor.html" GetStartedPanePathAdmin="Contracts_Web_Admin_Visor.html" GetStartedPanePathOutlook="Contracts_Outlook_User_Visor.html" GetStartedPanePathAdminOutlook="Contracts_Outlook_Admin_Visor.html" />
          <SubArea Id="nav_products" DescriptionResourceId="Product_SubArea_Description" Entity="product" GetStartedPanePath="Products_Web_User_Visor.html" GetStartedPanePathAdmin="Products_Web_Admin_Visor.html" GetStartedPanePathOutlook="Products_Outlook_User_Visor.html" GetStartedPanePathAdminOutlook="Products_Outlook_Admin_Visor.html" />
          <SubArea Id="nav_services" DescriptionResourceId="Service_SubArea_Description" Entity="service" GetStartedPanePath="Services_Web_User_Visor.html" GetStartedPanePathAdmin="Services_Web_Admin_Visor.html" GetStartedPanePathOutlook="Services_Outlook_User_Visor.html" GetStartedPanePathAdminOutlook="Services_Outlook_Admin_Visor.html" />
        </Group>
        <Group Id="Goals" ResourceId="Area_Goals" DescriptionResourceId="Area_Goals_Description">
          <SubArea Id="nav_goals" DescriptionResourceId="Goals_SubArea_Description" Icon="/_imgs/ico_18_9600.png" Entity="goal" />
          <SubArea Id="nav_metric" DescriptionResourceId="Metrics_SubArea_Description" Entity="metric" />
          <SubArea Id="nav_goalrollupqueries" DescriptionResourceId="GoalQueries_SubArea_Description" Icon="/_imgs/ico_18_9602.png" Entity="goalrollupquery" />
        </Group>
        <Group Id="Tools" ResourceId="Area_Tools" IsProfile="true" DescriptionResourceId="Area_Tools_Description">
          <SubArea Id="nav_reports" Entity="report" DescriptionResourceId="Reports_Description">
            <Privilege Entity="report" Privilege="Read" />
          </SubArea>
          <SubArea Id="nav_traces" Icon="/_imgs/area/18_alerts.png" Url="/_root/tracewall.aspx" ResourceId="Homepage_Alerts" AvailableOffline="false" DescriptionResourceId="Alerts_SubArea_Description">
            <Privilege Entity="tracelog" Privilege="Read" />
          </SubArea>
          <SubArea Id="nav_calendar" ResourceId="Homepage_Calendar" Icon="/_imgs/area/18_calendar.gif" Url="/workplace/home_calendar.aspx" Client="Web">
            <Privilege Entity="activitypointer" Privilege="Read" />
          </SubArea>
        </Group>
      </Area>
      <Area Id="MA" ResourceId="Area_Marketing" DescriptionResourceId="Marketing_Description" Icon="/_imgs/marketing_24x24.gif" ShowGroups="true">
        <Group Id="MyWork" ResourceId="Group_MyWork" DescriptionResourceId="My_Work_Description">
          <SubArea Id="nav_dashboards" ResourceId="Homepage_Dashboards" DescriptionResourceId="Dashboards_Description" Icon="/_imgs/area/18_home.gif" Url="/workplace/home_dashboards.aspx" GetStartedPanePath="Dashboards_Web_User_Visor.html" GetStartedPanePathAdmin="Dashboards_Web_Admin_Visor.html" GetStartedPanePathOutlook="Dashboards_Outlook_User_Visor.html" GetStartedPanePathAdminOutlook="Dashboards_Outlook_Admin_Visor.html" DefaultDashboard="B46AEB74-BF0C-44FB-8158-9575588D1B57" />
          <SubArea Id="nav_activities" DescriptionResourceId="Activities_SubArea_Description" Url="/_root/homepage.aspx?etc=4200" Entity="activitypointer" GetStartedPanePath="Activities_Web_User_Visor.html" GetStartedPanePathAdmin="Activities_Web_Admin_Visor.html" GetStartedPanePathOutlook="Activities_Outlook_User_Visor.html" GetStartedPanePathAdminOutlook="Activities_Outlook_Admin_Visor.html" />
        </Group>
        <Group Id="Customers" ResourceId="Group_Customers" DescriptionResourceId="Customers_Description">
          <SubArea Id="nav_accts" DescriptionResourceId="Account_SubArea_Description" Entity="account" GetStartedPanePath="Accounts_Web_User_Visor.html" GetStartedPanePathAdmin="Accounts_Web_Admin_Visor.html" GetStartedPanePathOutlook="Accounts_Outlook_User_Visor.html" GetStartedPanePathAdminOutlook="Accounts_Outlook_Admin_Visor.html" />
          <SubArea Id="nav_conts" DescriptionResourceId="Contact_SubArea_Description" Entity="contact" GetStartedPanePath="Contacts_Web_User_Visor.html" GetStartedPanePathAdmin="Contacts_Web_Admin_Visor.html" GetStartedPanePathOutlook="Contacts_Outlook_User_Visor.html" GetStartedPanePathAdminOutlook="Contacts_Outlook_Admin_Visor.html" />
        </Group>
        <Group Id="MA" ResourceId="Area_Marketing" DescriptionResourceId="Marketing_Description">
          <SubArea Id="nav_leads" Entity="lead" DescriptionResourceId="Lead_SubArea_Description" GetStartedPanePath="Leads_Web_User_Visor.html" GetStartedPanePathAdmin="Leads_Web_Admin_Visor.html" GetStartedPanePathOutlook="Leads_Outlook_User_Visor.html" GetStartedPanePathAdminOutlook="Leads_Outlook_Admin_Visor.html" />
          <SubArea Id="nav_lists" DescriptionResourceId="MarketingList_SubArea_Description" Entity="list" GetStartedPanePath="Marketing-Lists_Web_User_Visor.html" GetStartedPanePathAdmin="Marketing-Lists_Web_Admin_Visor.html" GetStartedPanePathOutlook="Marketing-Lists_Outlook_User_Visor.html" GetStartedPanePathAdminOutlook="Marketing-Lists_Outlook_Admin_Visor.html" />
          <SubArea Id="nav_campaigns" DescriptionResourceId="Campaign_SubArea_Description" Entity="campaign" GetStartedPanePath="Campaigns_Web_User_Visor.html" GetStartedPanePathAdmin="Campaigns_Web_Admin_Visor.html" GetStartedPanePathOutlook="Campaigns_Outlook_User_Visor.html" GetStartedPanePathAdminOutlook="Campaigns_Outlook_Admin_Visor.html" />
          <SubArea Id="nav_minicamps" DescriptionResourceId="Quick_Campaign_Description" Icon="/_imgs/ico_18_minicamps.gif" Entity="bulkoperation" GetStartedPanePath="Quick-Campaigns_Web_User_Visor.html" GetStartedPanePathAdmin="Quick-Campaigns_Web_Admin_Visor.html" GetStartedPanePathOutlook="Quick-Campaigns_Outlook_User_Visor.html" GetStartedPanePathAdminOutlook="Quick-Campaigns_Outlook_Admin_Visor.html" />
        </Group>
        <Group Id="Collateral" ResourceId="Area_Collateral" DescriptionResourceId="Area_Collateral_Description">
          <SubArea Id="nav_products" DescriptionResourceId="Product_SubArea_Description" Entity="product" GetStartedPanePath="Products_Web_User_Visor.html" GetStartedPanePathAdmin="Products_Web_Admin_Visor.html" GetStartedPanePathOutlook="Products_Outlook_User_Visor.html" GetStartedPanePathAdminOutlook="Products_Outlook_Admin_Visor.html" />
          <SubArea Id="nav_saleslit" DescriptionResourceId="SalesLit_SubArea_Description" Entity="salesliterature" />
        </Group>
        <Group Id="Tools" ResourceId="Area_Tools" IsProfile="true" DescriptionResourceId="Area_Tools_Description">
          <SubArea Id="nav_reports" Entity="report" DescriptionResourceId="Reports_Description">
            <Privilege Entity="report" Privilege="Read" />
          </SubArea>
          <SubArea Id="nav_traces" Icon="/_imgs/area/18_alerts.png" Url="/_root/tracewall.aspx" ResourceId="Homepage_Alerts" AvailableOffline="false" DescriptionResourceId="Alerts_SubArea_Description">
            <Privilege Entity="tracelog" Privilege="Read" />
          </SubArea>
          <SubArea Id="nav_calendar" ResourceId="Homepage_Calendar" Icon="/_imgs/area/18_calendar.gif" Url="/workplace/home_calendar.aspx" Client="Web">
            <Privilege Entity="activitypointer" Privilege="Read" />
          </SubArea>
        </Group>
      </Area>
      <Area Id="Settings" ResourceId="Area_Settings" ShowGroups="true" Icon="/_imgs/settings_24x24.gif" DescriptionResourceId="Settings_Area_Description">
        <Group Id="Business_Setting" ResourceId="Menu_Label_Business" DescriptionResourceId="Menu_Label_Business">
          <SubArea Id="nav_businessmanagement" ResourceId="Homepage_BusinessManagement" DescriptionResourceId="BizManagement_SubArea_Description" Icon="/_imgs/ico_18_busmanagement.gif" Url="/tools/business/business.aspx" AvailableOffline="false" />
          <SubArea Id="nav_template" ResourceId="Homepage_Template" DescriptionResourceId="Template_SubArea_Description" Icon="/_imgs/ico_18_templates.gif" Url="/tools/templates/templates.aspx" AvailableOffline="false" />
          <SubArea Id="nav_productcatalog" ResourceId="Homepage_ProductCatalog" DescriptionResourceId="ProductCatalog_SubArea_Description" Icon="/_imgs/ico_18_productcatalog.gif" Url="/tools/productcatalog/productcatalog.aspx" AvailableOffline="false">
            <Privilege Entity="product" Privilege="Read" />
          </SubArea>
        </Group>
        <Group Id="Customizations" ResourceId="Homepage_SystemCustomization" DescriptionResourceId="Homepage_SystemCustomization">
          <SubArea Id="nav_syscust" ResourceId="Menu_Label_Customizations" DescriptionResourceId="Customization_SubArea_Description" Icon="/_imgs/area/18_syscust.gif" Url="/tools/systemcustomization/systemcustomization.aspx" AvailableOffline="false" />
          <SubArea Id="nav_solution" Entity="solution" ResourceId="Web.Tools.Solution.map_xml.aspx_1" AvailableOffline="false" GetStartedPanePath="Solutions_Web_Admin_Visor.html" GetStartedPanePathAdmin="Solutions_Web_Admin_Visor.html" GetStartedPanePathOutlook="Solutions_Outlook_Admin_Visor.html" GetStartedPanePathAdminOutlook="Solutions_Outlook_Admin_Visor.html" DescriptionResourceId="Web.Tools.Solution.map_xml.aspx_2" Url="/tools/Solution/home_solution.aspx?etc=7100">
            <Privilege Entity="solution" Privilege="Read" />
          </SubArea>
          <SubArea Id="nav_marketplace" ResourceId="Homepage_Marketplace" DescriptionResourceId="Marketplace_SubArea_Description" Icon="/_imgs/SystemCustomization/ico_18_marketplace.png" Url="/tools/SystemCustomization/SolutionsMarketplace/SolutionsMarketplace.aspx" Client="Web" />
        </Group>
        <Group Id="System_Setting" ResourceId="Menu_Label_System" DescriptionResourceId="Menu_Label_System">
          <SubArea Id="nav_administration" ResourceId="Homepage_Administration" DescriptionResourceId="Administration_SubArea_Description" Icon="/_imgs/ico_18_administration.gif" Url="/tools/Admin/admin.aspx" AvailableOffline="false" />
          <SubArea Id="nav_datamanagement" ResourceId="Homepage_DataManagement" DescriptionResourceId="DataManagement_SubArea_Description" Icon="/_imgs/ico_18_datamanagement.gif" Url="/tools/DataManagement/datamanagement.aspx" AvailableOffline="false" />
          <SubArea Id="nav_systemjobs" ResourceId="Homepage_SystemJobs" DescriptionResourceId="SystemJobs_SubArea_Description" Entity="asyncoperation" Url="/tools/business/home_asyncoperation.aspx" AvailableOffline="false" />
          <SubArea Id="nav_documentmanagement" ResourceId="DocumentManagement.SettingsArea.Heading" DescriptionResourceId="DocumentManagement.SettingsArea.Description" Icon="/_imgs/DocumentManagement_16.png" Url="/tools/documentmanagement/documentmanagement.aspx" AvailableOffline="false">
            <Privilege Entity="sharepointsite" Privilege="Read" />
            <Privilege Entity="sharepointdocumentlocation" Privilege="Read" />
          </SubArea>
          <SubArea Id="nav_audit" ResourceId="Audit_SubArea_Title" DescriptionResourceId="Audit_SubArea_Description" Icon="/_imgs/area/16_audit.png" Url="/tools/audit/audit_area.aspx" AvailableOffline="false" />
          <SubArea Id="nav_social" ResourceId="Social_SubArea_Title" DescriptionResourceId="Social_SubArea_Description" Icon="/_imgs/area/16_social.png" Url="/tools/social/social_area.aspx" AvailableOffline="false" />
          <SubArea Id="msdyn_postconfig" ResourceId="Activity_Feed_Configuration" Entity="msdyn_postconfig" />
          <SubArea Id="msdyn_postruleconfig" ResourceId="Activity_Feed_Rules_Configuration" Entity="msdyn_postruleconfig" />
        </Group>
        <Group Id="ProcessCenter" ResourceId="Menu_Label_ProcessCenter" DescriptionResourceId="Menu_Label_ProcessCenter">
          <SubArea Id="nav_workflow" Entity="workflow" DescriptionResourceId="Workflow_SubArea_Description" AvailableOffline="false" GetStartedPanePath="Workflows_Web_User_Visor.html" GetStartedPanePathAdmin="Workflows_Web_Admin_Visor.html" GetStartedPanePathOutlook="Workflows_Outlook_User_Visor.html" GetStartedPanePathAdminOutlook="Workflows_Outlook_Admin_Visor.html" />
        </Group>
        <Group Id="Extensions" ResourceId="Group_Extensions">
          <SubArea Id="ctccrm_autonumbersequence" Entity="ctccrm_autonumbersequence" />
        </Group>
      </Area>
      <Area Id="HLP" ResourceId="Area_Help" ShowGroups="true" Icon="/_imgs/icn_help16.png" DescriptionResourceId="Help_Area_Description">
        <Group Id="HLP_GRP" ResourceId="Group_Help" DescriptionResourceId="Help_Description">
          <SubArea Id="Help_Resource_Center" Url="http://go.microsoft.com/fwlink/?LinkId=296269&amp;clcid=0x409" ResourceId="Area_CustomerCenter" DescriptionResourceId="ResourceCenter_Area_Description" AvailableOffline="false" />
        </Group>
      </Area>
    </SiteMap>
  </SiteMap>
  <EntityMaps />
  <EntityRelationships>
    <EntityRelationship Name="ctccrm_autonumbersequence_AsyncOperations">
      <EntityRelationshipType>OneToMany</EntityRelationshipType>
      <IsCustomizable>1</IsCustomizable>
      <IntroducedVersion>1.0.0.0</IntroducedVersion>
      <ReferencingEntityName>AsyncOperation</ReferencingEntityName>
      <ReferencedEntityName>ctccrm_autonumbersequence</ReferencedEntityName>
      <CascadeAssign>NoCascade</CascadeAssign>
      <CascadeDelete>NoCascade</CascadeDelete>
      <CascadeReparent>NoCascade</CascadeReparent>
      <CascadeShare>NoCascade</CascadeShare>
      <CascadeUnshare>NoCascade</CascadeUnshare>
      <ReferencingAttributeName>RegardingObjectId</ReferencingAttributeName>
      <RelationshipDescription>
        <Descriptions>
          <Description description="Unique identifier of the object with which the system job is associated." languagecode="1033" />
        </Descriptions>
      </RelationshipDescription>
      <field name="regardingobjectid" requiredlevel="none" imemode="auto" lookupstyle="single" lookupbrowse="0" format="regarding">
        <IsSecured>0</IsSecured>
        <DisplayMask>ValidForAdvancedFind|ValidForForm|ValidForGrid</DisplayMask>
        <IsAuditEnabled>1</IsAuditEnabled>
        <displaynames>
          <displayname description="Regarding" languagecode="1033" />
        </displaynames>
      </field>
    </EntityRelationship>
    <EntityRelationship Name="ctccrm_autonumbersequence_BulkDeleteFailures">
      <EntityRelationshipType>OneToMany</EntityRelationshipType>
      <IsCustomizable>1</IsCustomizable>
      <IntroducedVersion>1.0.0.0</IntroducedVersion>
      <ReferencingEntityName>BulkDeleteFailure</ReferencingEntityName>
      <ReferencedEntityName>ctccrm_autonumbersequence</ReferencedEntityName>
      <CascadeAssign>NoCascade</CascadeAssign>
      <CascadeDelete>Cascade</CascadeDelete>
      <CascadeReparent>NoCascade</CascadeReparent>
      <CascadeShare>NoCascade</CascadeShare>
      <CascadeUnshare>NoCascade</CascadeUnshare>
      <ReferencingAttributeName>RegardingObjectId</ReferencingAttributeName>
      <RelationshipDescription>
        <Descriptions>
          <Description description="Unique identifier of the record that can not be deleted." languagecode="1033" />
        </Descriptions>
      </RelationshipDescription>
      <field name="regardingobjectid" requiredlevel="none" imemode="auto" lookupstyle="single" lookupbrowse="0" format="regarding">
        <IsSecured>0</IsSecured>
        <DisplayMask>ValidForAdvancedFind|ValidForForm|ValidForGrid</DisplayMask>
        <IsAuditEnabled>1</IsAuditEnabled>
        <displaynames>
          <displayname description="Name" languagecode="1033" />
        </displaynames>
      </field>
    </EntityRelationship>
    <EntityRelationship Name="ctccrm_autonumbersequence_PrincipalObjectAttributeAccesses">
      <EntityRelationshipType>OneToMany</EntityRelationshipType>
      <IsCustomizable>1</IsCustomizable>
      <IntroducedVersion>1.0.0.0</IntroducedVersion>
      <ReferencingEntityName>PrincipalObjectAttributeAccess</ReferencingEntityName>
      <ReferencedEntityName>ctccrm_autonumbersequence</ReferencedEntityName>
      <CascadeAssign>NoCascade</CascadeAssign>
      <CascadeDelete>Cascade</CascadeDelete>
      <CascadeReparent>NoCascade</CascadeReparent>
      <CascadeShare>NoCascade</CascadeShare>
      <CascadeUnshare>NoCascade</CascadeUnshare>
      <ReferencingAttributeName>ObjectId</ReferencingAttributeName>
      <RelationshipDescription>
        <Descriptions>
          <Description description="Unique identifier of the entity instance with shared secured field" languagecode="1033" />
        </Descriptions>
      </RelationshipDescription>
      <field name="objectid" requiredlevel="systemrequired" imemode="auto" lookupstyle="single" lookupbrowse="0" format="regarding">
        <IsSecured>0</IsSecured>
        <DisplayMask>ValidForForm|ValidForGrid</DisplayMask>
        <IsAuditEnabled>1</IsAuditEnabled>
        <displaynames>
          <displayname description="Entity instance" languagecode="1033" />
        </displaynames>
      </field>
    </EntityRelationship>
    <EntityRelationship Name="ctccrm_autonumbersequence_ProcessSession">
      <EntityRelationshipType>OneToMany</EntityRelationshipType>
      <IsCustomizable>1</IsCustomizable>
      <IntroducedVersion>1.0.0.0</IntroducedVersion>
      <ReferencingEntityName>ProcessSession</ReferencingEntityName>
      <ReferencedEntityName>ctccrm_autonumbersequence</ReferencedEntityName>
      <CascadeAssign>NoCascade</CascadeAssign>
      <CascadeDelete>NoCascade</CascadeDelete>
      <CascadeReparent>NoCascade</CascadeReparent>
      <CascadeShare>NoCascade</CascadeShare>
      <CascadeUnshare>NoCascade</CascadeUnshare>
      <ReferencingAttributeName>RegardingObjectId</ReferencingAttributeName>
      <RelationshipDescription>
        <Descriptions>
          <Description description="Unique identifier of the object with which the dialog session is associated." languagecode="1033" />
        </Descriptions>
      </RelationshipDescription>
      <field name="regardingobjectid" requiredlevel="none" imemode="auto" lookupstyle="single" lookupbrowse="0" format="regarding">
        <IsSecured>0</IsSecured>
        <DisplayMask>ValidForAdvancedFind|ValidForGrid</DisplayMask>
        <IsAuditEnabled>1</IsAuditEnabled>
        <displaynames>
          <displayname description="Regarding" languagecode="1033" />
        </displaynames>
      </field>
    </EntityRelationship>
    <EntityRelationship Name="ctccrm_autonumbersequence_UserEntityInstanceDatas">
      <EntityRelationshipType>OneToMany</EntityRelationshipType>
      <IsCustomizable>1</IsCustomizable>
      <IntroducedVersion>1.0.0.0</IntroducedVersion>
      <ReferencingEntityName>UserEntityInstanceData</ReferencingEntityName>
      <ReferencedEntityName>ctccrm_autonumbersequence</ReferencedEntityName>
      <CascadeAssign>NoCascade</CascadeAssign>
      <CascadeDelete>Cascade</CascadeDelete>
      <CascadeReparent>NoCascade</CascadeReparent>
      <CascadeShare>NoCascade</CascadeShare>
      <CascadeUnshare>NoCascade</CascadeUnshare>
      <ReferencingAttributeName>ObjectId</ReferencingAttributeName>
      <RelationshipDescription>
        <Descriptions>
          <Description description="Unique identifier of the source record." languagecode="1033" />
        </Descriptions>
      </RelationshipDescription>
      <field name="objectid" requiredlevel="systemrequired" imemode="auto" lookupstyle="single" lookupbrowse="0">
        <IsSecured>0</IsSecured>
        <DisplayMask>ValidForAdvancedFind|ValidForForm|ValidForGrid|RequiredForForm</DisplayMask>
        <IsAuditEnabled>1</IsAuditEnabled>
        <displaynames>
          <displayname description="Object Id" languagecode="1033" />
        </displaynames>
      </field>
    </EntityRelationship>
    <EntityRelationship Name="lk_ctccrm_autonumbersequence_createdby">
      <EntityRelationshipType>OneToMany</EntityRelationshipType>
      <IsCustomizable>1</IsCustomizable>
      <IntroducedVersion>1.0.0.0</IntroducedVersion>
      <ReferencingEntityName>ctccrm_autonumbersequence</ReferencingEntityName>
      <ReferencedEntityName>SystemUser</ReferencedEntityName>
      <CascadeAssign>NoCascade</CascadeAssign>
      <CascadeDelete>NoCascade</CascadeDelete>
      <CascadeReparent>NoCascade</CascadeReparent>
      <CascadeShare>NoCascade</CascadeShare>
      <CascadeUnshare>NoCascade</CascadeUnshare>
      <ReferencingAttributeName>CreatedBy</ReferencingAttributeName>
      <RelationshipDescription>
        <Descriptions>
          <Description description="Unique identifier of the user who created the record." languagecode="1033" />
        </Descriptions>
      </RelationshipDescription>
      <field name="createdby" requiredlevel="none" imemode="auto" lookupstyle="single" lookupbrowse="0">
        <IsCustomizable>1</IsCustomizable>
        <IsRenameable>1</IsRenameable>
        <CanModifySearchSettings>1</CanModifySearchSettings>
        <CanModifyRequirementLevelSettings>1</CanModifyRequirementLevelSettings>
        <IsSecured>0</IsSecured>
        <DisplayMask>ValidForAdvancedFind|ValidForForm|ValidForGrid</DisplayMask>
        <IsAuditEnabled>0</IsAuditEnabled>
        <displaynames>
          <displayname description="Created By" languagecode="1033" />
        </displaynames>
      </field>
    </EntityRelationship>
    <EntityRelationship Name="lk_ctccrm_autonumbersequence_modifiedby">
      <EntityRelationshipType>OneToMany</EntityRelationshipType>
      <IsCustomizable>1</IsCustomizable>
      <IntroducedVersion>1.0.0.0</IntroducedVersion>
      <ReferencingEntityName>ctccrm_autonumbersequence</ReferencingEntityName>
      <ReferencedEntityName>SystemUser</ReferencedEntityName>
      <CascadeAssign>NoCascade</CascadeAssign>
      <CascadeDelete>NoCascade</CascadeDelete>
      <CascadeReparent>NoCascade</CascadeReparent>
      <CascadeShare>NoCascade</CascadeShare>
      <CascadeUnshare>NoCascade</CascadeUnshare>
      <ReferencingAttributeName>ModifiedBy</ReferencingAttributeName>
      <RelationshipDescription>
        <Descriptions>
          <Description description="Unique identifier of the user who modified the record." languagecode="1033" />
        </Descriptions>
      </RelationshipDescription>
      <field name="modifiedby" requiredlevel="none" imemode="auto" lookupstyle="single" lookupbrowse="0">
        <IsCustomizable>1</IsCustomizable>
        <IsRenameable>1</IsRenameable>
        <CanModifySearchSettings>1</CanModifySearchSettings>
        <CanModifyRequirementLevelSettings>1</CanModifyRequirementLevelSettings>
        <IsSecured>0</IsSecured>
        <DisplayMask>ValidForAdvancedFind|ValidForForm|ValidForGrid</DisplayMask>
        <IsAuditEnabled>0</IsAuditEnabled>
        <displaynames>
          <displayname description="Modified By" languagecode="1033" />
        </displaynames>
      </field>
    </EntityRelationship>
    <EntityRelationship Name="organization_ctccrm_autonumbersequence">
      <EntityRelationshipType>OneToMany</EntityRelationshipType>
      <IsCustomizable>1</IsCustomizable>
      <IntroducedVersion>1.0.0.0</IntroducedVersion>
      <ReferencingEntityName>ctccrm_autonumbersequence</ReferencingEntityName>
      <ReferencedEntityName>Organization</ReferencedEntityName>
      <CascadeAssign>NoCascade</CascadeAssign>
      <CascadeDelete>NoCascade</CascadeDelete>
      <CascadeReparent>NoCascade</CascadeReparent>
      <CascadeShare>NoCascade</CascadeShare>
      <CascadeUnshare>NoCascade</CascadeUnshare>
      <ReferencingAttributeName>OrganizationId</ReferencingAttributeName>
      <RelationshipDescription>
        <Descriptions>
          <Description description="Unique identifier for the organization" languagecode="1033" />
        </Descriptions>
      </RelationshipDescription>
      <field name="organizationid" requiredlevel="none" imemode="auto">
        <IsCustomizable>1</IsCustomizable>
        <IsRenameable>1</IsRenameable>
        <CanModifySearchSettings>1</CanModifySearchSettings>
        <CanModifyRequirementLevelSettings>1</CanModifyRequirementLevelSettings>
        <IsSecured>0</IsSecured>
        <IsAuditEnabled>1</IsAuditEnabled>
        <displaynames>
          <displayname description="Organization Id" languagecode="1033" />
        </displaynames>
      </field>
    </EntityRelationship>
  </EntityRelationships>
  <OrganizationSettings />
  <optionsets />
  <SolutionPluginAssemblies>
    <PluginAssembly FullName="CRMAutoNumber, Version=1.0.0.0, Culture=neutral, PublicKeyToken=10422874837a58fb" CustomizationLevel="1">
      <IsolationMode>2</IsolationMode>
      <SourceType>0</SourceType>
      <IntroducedVersion>1.0.0.0</IntroducedVersion>
      <FileName>/PluginAssemblies/CRMAutoNumber-1CD8215E-C09C-E311-A193-00155D147208/CRMAutoNumber.dll</FileName>
      <PluginTypes>
        <PluginType AssemblyQualifiedName="CRMAutoNumber.AutoNumber, CRMAutoNumber, Version=1.0.0.0, Culture=neutral, PublicKeyToken=10422874837a58fb" Name="AutoNumber">
          <Description>Utility Step to Update AutoNumber</Description>
          <FriendlyName>AutoNumber</FriendlyName>
          <WorkflowActivityGroupName>Utility Steps</WorkflowActivityGroupName>
        </PluginType>
      </PluginTypes>
    </PluginAssembly>
  </SolutionPluginAssemblies>
  <Languages>
    <Language>1033</Language>
  </Languages>
</ImportExportXml>